Location,Year,1,2,3,4,5,6,7,8,9,10,11,12
SG GALAS,1980,27.07967742,26.9837931,26.96645161,26.95033333,26.93419355,26.91633333,26.90032258,26.88419355,26.866,26.85032258,26.99,27.53193548
SG GALAS,1981,26.52225806,26.06428571,25.53903226,26.124,26.43483871,25.90166667,25.78709677,25.57645161,26.42066667,26.92677419,27.16366667,27.29645161
SG GALAS,1982,27.13193548,27.08892857,27.04516129,27.00033333,26.95548387,26.91033333,26.59193548,26.41129032,26.238,27.18419355,27.34633333,28.57193548
SG GALAS,1983,27.17967742,26.13821429,25.62612903,25.286,26.01096774,26.527,27.02483871,27.53064516,27.88433333,26.72967742,27.20166667,31.37677419
SG GALAS,1984,28.09774194,29.43482759,27.47290323,25.269,27.24870968,27.112,26.83032258,26.34225806,26.885,27.33677419,26.89533333,28.42193548
SG GALAS,1985,27.1316129,27.05535714,27.76677419,26.56233333,27.57354839,26.61033333,26.29,26.35516129,27.01233333,28.44612903,27.82533333,27.54193548
SG GALAS,1986,27.41290323,26.17142857,26.36322581,26.558,26.27516129,26.25133333,26.36258065,26.6316129,26.789,26.96709677,27.48933333,32.39322581
SG GALAS,1987,28.7416129,26.18285714,26.10258065,25.889,26.24483871,26.221,25.86677419,26.48806452,26.574,27.73451613,27.95666667,29.96032258
SG GALAS,1988,28.16483871,27.33517241,26.21612903,26.068,26.76741935,26.808,26.90032258,27.27903226,27.74766667,26.70967742,29.648,28.56290323
SG GALAS,1989,28.24870968,26.37428571,26.01580645,26.11566667,26.43193548,26.336,25.9383871,25.64806452,26.43433333,27.18612903,26.983,27.0483871
SG GALAS,1990,27.37419355,26.82357143,25.97354839,26.23,26.10129032,26.14133333,26.28903226,26.59903226,27.73733333,27.53967742,27.57,29.19258065
SG GALAS,1991,27.44258065,26.53357143,26.2283871,26.215,26.89032258,26.593,26.1616129,26.18548387,26.54366667,26.92064516,28.10733333,28.92870968
SG GALAS,1992,27.8016129,26.79448276,26.42290323,26.09566667,26.1716129,26.63166667,26.69354839,26.17064516,26.273,26.98774194,28.76766667,29.0583871
SG GALAS,1993,27.54451613,26.67321429,26.78806452,26.733,26.74967742,26.90166667,26.79967742,26.82709677,27.88366667,28.78774194,29.168,30.93
SG GALAS,1994,28.13354839,27.5125,27.68354839,27.453,27.75290323,27.77,27.33645161,27.51354839,28.339,28.7383871,30.89133333,28.58548387
SG GALAS,1995,28.20129032,27.19964286,27.16677419,27.17766667,27.15096774,27.10433333,26.79258065,27.59419355,27.20133333,27.53096774,28.206,28.47193548
SG GALAS,1996,27.71967742,27.46551724,26.25645161,26.53666667,27.0316129,27.25866667,27.40258065,27.00806452,27.47333333,28.35774194,27.676,28.87129032
SG GALAS,1997,26.85064516,26.82107143,26.55032258,26.698,26.31064516,26.43666667,26.81225806,26.49548387,26.58833333,26.84903226,27.68133333,28.13129032
SG GALAS,1998,27.63967742,26.30964286,25.90645161,25.47233333,25.86612903,26.242,26.74774194,27.12741935,27.48933333,27.31709677,28.183,29.56709677
SG GALAS,1999,29.8816129,28.12857143,27.59548387,27.78933333,27.69483871,26.96433333,26.5983871,26.81903226,27.29133333,27.69709677,27.38866667,28.78903226
SG GALAS,2000,28.83741935,27.68896552,27.67483871,28.06933333,27.76064516,27.25066667,26.55516129,26.89516129,26.88166667,26.98096774,27.89,27.43612903
SG GALAS,2001,28.10935484,26.91607143,26.92032258,26.54233333,26.82096774,26.646,26.39193548,26.64677419,26.783,27.73741935,28.15266667,29.42322581
SG GALAS,2002,27.88516129,26.64214286,26.11580645,26.08766667,26.21129032,26.58466667,26.04903226,26.58741935,26.51133333,27.56193548,27.31066667,27.72806452
SG GALAS,2003,27.61741935,26.68214286,26.43903226,26.52233333,26.29741935,26.35733333,26.80032258,26.75645161,26.75,26.80096774,27.63833333,28.89290323
SG GALAS,2004,27.58387097,26.99517241,26.83935484,26.28533333,26.48,26.17266667,26.37,26.15387097,28.256,28.49096774,27.76033333,29.12419355
SG GALAS,2005,27.29258065,26.38178571,26.00258065,26.31933333,26.47935484,26.16466667,25.91419355,25.41096774,26.23933333,27.21870968,29.17833333,29.78225806
SG GALAS,2006,29.03354839,28.28392857,26.84612903,26.755,27.48451613,27.49333333,26.75,26.62709677,27.85633333,28.52096774,29.82133333,29.46387097
SG GALAS,2007,29.22806452,26.70357143,26.35612903,26.74633333,26.97967742,27.252,26.94935484,26.83580645,27.197,27.18548387,27.62933333,27.5283871
SG GALAS,2008,27.51806452,27.13068966,26.98419355,27.181,27.09935484,27.125,27.30677419,28.08301075,27.69,27.85548387,28.77866667,29.63709677
SG GALAS,2009,29.23774194,27.21107143,27.71677419,27.63966667,27.34387097,27.21666667,27.09967742,26.75387097,27.18266667,27.51129032,33.961,29.09548387
SG GALAS,2010,27.88903226,27.205,26.94741935,26.26833333,26.52612903,26.59766667,26.92096774,26.59645161,26.83966667,27.49373449,29.74,29.63354839
SG GALAS,2011,30.5316129,29.24285714,29.22129032,29.042,28.69,28.72366667,28.32806452,28.49322581,28.925,28.86741935,29.97566667,30.36935484
SG GALAS,2012,30.80290323,27.98310345,27.92322581,28.31833333,27.68612903,26.856,27.00935484,27.05709677,26.895,27.14387097,27.52566667,27.55451613
SG GALAS,2013,27.65290323,28.37928571,27.48709677,27.09533333,27.35354839,26.93566667,26.90483871,27.32677419,27.50866667,27.72483871,28.18866667,29.68774194
SG GALAS,2014,28.48935484,26.92821429,26.64645161,26.94833333,27.30451613,27.19033333,26.67774194,26.95741935,27.279,28.14258065,28.2,31.16129032
SG GALAS,2015,31.93419355,28.78142857,26.01580645,25.528,25.78129032,25.683,25.49193548,25.64064516,25.46766667,25.91774194,26.61433333,26.50677419
SG GALAS,2016,25.92290323,25.93068966,24.83806452,25.052,25.55419355,26.056,26.5583871,27.0683871,27.57033333,28.07258065,28.70166667,29.60935484
SG GALAS,2017,31.97580645,29.91285714,29.33870968,29.42633333,29.71032258,29.32066667,29.32,29.40645161,30.17833333,29.95516129,31.26866667,31.22322581
SG GALAS,2018,31.60580645,29.27214286,28.60483871,28.84033333,29.77,30.064,29.79129032,27.04419355,25.88266667,25.3916129,25.17433333,25.93193548
SG GALAS,2019,26.75322581,26.78,26.7683871,26.787,26.74806452,26.69133333,26.70516129,26.72322581,26.728,29.51548387,28.455,29.62677419
SG GOLOK KG JENOB,1981,19.42033333,19.21285714,19.06258065,19.06333333,19.3216129,19.27466667,19.14322581,18.99774194,19.45433333,19.24419355,19.83233333,20.0116129
SG GOLOK KG JENOB,1982,19.18516129,19.06214286,18.80483871,19.089,19.22,19.27833333,19.30129032,19.32451613,19.34833333,19.37096774,19.394,19.41806452
SG GOLOK KG JENOB,1983,19.44064516,19.46321429,19.48612903,19.509,19.53193548,19.55533333,19.57870968,19.60193548,19.625,19.64870968,19.5,20.6416129
SG GOLOK KG JENOB,1984,19.57774194,20.39655172,19.92096774,19.41333333,19.53064516,19.49,19.29967742,19.28870968,19.40333333,19.46258065,19.39733333,20.37129032
SG GOLOK KG JENOB,1985,19.6416129,19.36571429,19.87258065,19.24333333,19.60516129,19.276,19.11903226,19.04612903,19.62933333,20.0983871,19.54366667,19.28387097
SG GOLOK KG JENOB,1986,19.18193548,19.19,19.19225806,19.2,19.20419355,19.21,19.21612903,19.22,19.22833333,19.23032258,19.24,19.24225806
SG GOLOK KG JENOB,1987,19.22870968,18.96785714,18.87225806,18.79766667,19.02322581,18.988,19.02,19.0183871,19.01,19.01,19.01,19.01
SG GOLOK KG JENOB,1988,19.00483871,19,19,19,19,18.99166667,18.99,18.99,18.99,18.98806452,18.98,18.98
SG GOLOK KG JENOB,1989,18.98,18.98,18.97516129,18.97,18.97,18.97,18.97,18.9616129,18.96,18.96,18.96,18.95806452
SG GOLOK KG JENOB,1990,18.95,18.95,18.95,18.95,18.94516129,18.94,18.94,18.94,18.94,18.9316129,18.93,18.93
SG GOLOK KG JENOB,1991,18.93,18.92857143,18.92,18.92,18.90580645,18.89933333,18.89935484,18.97516129,19.04333333,19.11193548,19.18,19.24870968
SG GOLOK KG JENOB,1992,19.31774194,19.38034483,19.04,19.03033333,19.08096774,19.36866667,19.19967742,18.91129032,18.87433333,19.42903226,20.141,20.21419355
SG GOLOK KG JENOB,1993,19.56806452,19.11,19.29290323,19.23,19.09806452,19.159,19.62709677,19.24516129,19.55166667,19.44193548,19.29066667,19.21612903
SG GOLOK KG JENOB,1994,19.1383871,19.40071429,19.20806452,19.23333333,19.23935484,19.49,19.02903226,18.9016129,19.11766667,19.24516129,21.035,19.81709677
SG GOLOK KG JENOB,1995,19.60806452,19.23678571,19.02548387,18.807,18.69741935,19.532,19.45677419,19.4516129,19.38566667,19.40612903,19.78166667,19.86645161
SG GOLOK KG JENOB,1996,19.42483871,19.28586207,18.84612903,18.78133333,18.83548387,18.92966667,19.09612903,18.92129032,19.206,19.38709677,19.42266667,20.06774194
SG GOLOK KG JENOB,1997,18.92870968,18.79785714,18.6783871,18.69833333,18.72,19.03,19.27322581,18.94032258,19.258,19.10935484,19.58633333,20.38354839
SG GOLOK KG JENOB,1998,19.38129032,18.91428571,18.60258065,18.43,18.42806452,18.69166667,19.01354839,19.10193548,19.10366667,19.03322581,19.349,19.97870968
SG GOLOK KG JENOB,1999,20.13903226,19.65571429,19.2116129,19.15533333,19.09903226,19.063,18.92516129,19.38290323,19.12533333,19.31064516,19.32733333,19.94645161
SG GOLOK KG JENOB,2000,19.57806452,19.41275862,19.60806452,19.46333333,19.39774194,19.13566667,18.95516129,19.23193548,19.21633333,19.32774194,19.921,19.68322581
SG GOLOK KG JENOB,2001,20.19967742,19.38464286,19.37935484,19.06833333,19.13580645,19.169,18.93322581,18.63677419,19.24566667,19.67580645,19.736,20.20322581
SG GOLOK KG JENOB,2002,19.51935484,19.02571429,18.96580645,18.88366667,18.94516129,19.35,19.03967742,19.18903226,19.105,20.11225806,19.554,19.83419355
SG GOLOK KG JENOB,2003,19.64935484,19.25392857,19.11870968,19.31566667,19.10354839,19.03966667,19.05129032,19.27419355,19.071,19.77483871,19.54433333,20.71483871
SG GOLOK KG JENOB,2004,19.56677419,19.30689655,19.02580645,19.00133333,19.03290323,19.02666667,18.95774194,18.86129032,18.883,19.55967742,19.837,20.12451613
SG GOLOK KG JENOB,2005,19.34129032,19.14285714,19.02419355,19.07666667,19.17516129,19.483,19.28774194,19.28096774,19.40133333,19.6283871,20.56166667,21.9183871
SG GOLOK KG JENOB,2006,20.06354839,20.05607143,20.0483871,20.15966667,20.72,20.85166667,20.54032258,20.52741935,21.08666667,20.6,20.679,20.77870968
SG GOLOK KG JENOB,2007,20.73193548,20.25892857,20.27774194,20.27733333,21.06580645,20.60633333,20.43903226,20.42516129,20.422,20.33096774,20.531,21.53935484
SG GOLOK KG JENOB,2008,20.00580645,19.61827586,20.09322581,19.67766667,19.78548387,19.81266667,19.79774194,19.72290323,19.507,19.65903226,20.01733333,20.58096774
SG GOLOK KG JENOB,2009,20.49483871,19.59714286,19.39354839,19.328,19.41322581,19.08366667,19.28967742,18.9883871,19.04633333,19.3316129,20.62966667,20.49225806
SG GOLOK KG JENOB,2010,19.79548387,19.20178571,19.07580645,19.002,19.09032258,19.337,19.35451613,19.31806452,19.60366667,19.73548387,20.49766667,20.0983871
SG GOLOK KG JENOB,2011,20.63612903,19.59464286,19.42709677,19.35533333,19.09967742,19.169,18.99258065,19.13322581,19.334,19.32129032,20.18566667,20.45612903
SG GOLOK KG JENOB,2012,20.49870968,19.74275862,19.86258065,19.74933333,19.32322581,19.117,19.17483871,19.2416129,19.15066667,19.31451613,19.289,19.95290323
SG GOLOK KG JENOB,2013,20.59354839,20.16642857,19.91354839,18.82433333,19.32290323,18.92866667,19.28129032,19.43580645,19.34066667,19.07741935,19.43133333,20.56870968
SG GOLOK KG JENOB,2014,20.34064516,19.32285714,19.09903226,19.04166667,19.08516129,19.14466667,19.22903226,19.63645161,19.11266667,19.38258065,19.83466667,21.03451613
SG GOLOK KG JENOB,2015,20.3416129,19.47785714,18.86129032,18.69133333,18.9716129,18.88966667,18.93806452,19.06193548,19.184,19.30774194,19.56466667,19.66580645
SG GOLOK KG JENOB,2016,19.21709677,19.22068966,18.7783871,18.54,18.4783871,18.92833333,18.93935484,18.79774194,18.75,18.71258065,19.03466667,19.93935484
SG GOLOK KG JENOB,2017,21.07967742,19.40535714,19.02451613,19.172,19.20225806,19.11933333,19.17258065,18.93806452,19.32366667,19.17677419,19.87733333,19.72806452
SG GOLOK KG JENOB,2018,19.67677419,18.76678571,18.54741935,18.421,18.49516129,18.5,18.5183871,18.4016129,18.885,18.86806452,19.27733333,19.75419355
SG GOLOK KG JENOB,2019,19.18290323,18.63964286,18.37290323,18.84833333,18.88354839,18.95133333,18.96225806,19.12612903,19.151,19.18258065,19.40466667,20.19096774
SG GOLOK RANTAU PANJANG,1980,4.674193548,4.441724138,4.439677419,4.242,4.300322581,4.583333333,4.66483871,5.985483871,4.883,5.675483871,6.004333333,6.71483871
SG GOLOK RANTAU PANJANG,1981,4.988387097,4.744642857,4.189032258,4.411666667,5.08516129,4.601333333,4.449354839,4.259032258,4.886,4.851612903,6.233,6.762580645
SG GOLOK RANTAU PANJANG,1982,4.859677419,4.283214286,4.019032258,4.442,4.845806452,5.627,5.258709677,5.109677419,5.613333333,5.559032258,5.574,6.693225806
SG GOLOK RANTAU PANJANG,1983,5.446129032,4.458571429,4.109032258,4.265,4.577419355,4.885,5.21483871,5.108709677,5.348333333,5.037741935,5.896333333,8.191612903
SG GOLOK RANTAU PANJANG,1984,5.757096774,6.628965517,5.225806452,4.916333333,5.547741935,5.411,5.356129032,4.968064516,5.28,5.509032258,5.142333333,7.748387097
SG GOLOK RANTAU PANJANG,1985,5.597741935,4.951071429,6.289354839,5.476333333,5.443548387,5.410333333,5.377096774,5.343870968,5.310666667,5.277419355,5.244666667,5.211935484
SG GOLOK RANTAU PANJANG,1986,5.177419355,5.146071429,5.114193548,5.081,5.047419355,5.015,4.982258065,4.947741935,4.921666667,5.734516129,4.770333333,5.262258065
SG GOLOK RANTAU PANJANG,1987,5.568709677,4.476785714,4.419677419,4.288,4.703225806,5.073,5.443225806,5.819677419,6.19,6.558387097,5.228666667,7.801290323
SG GOLOK RANTAU PANJANG,1988,5.081935484,5.196206897,4.77,4.246666667,5.03483871,5.057333333,5.27516129,6.032258065,5.504666667,5.145806452,7.119666667,7.162258065
SG GOLOK RANTAU PANJANG,1989,5.698709677,4.726785714,4.397419355,4.545666667,4.711612903,4.902,5.752580645,6.520645161,7.277,7.950967742,5.977,5.707096774
SG GOLOK RANTAU PANJANG,1990,6.882258065,6.421428571,4.137096774,4.209666667,4.109032258,4.144333333,4.330645161,4.882903226,4.061666667,5.171935484,5.062666667,6.998064516
SG GOLOK RANTAU PANJANG,1991,5.286451613,4.673214286,4.127419355,3.957,4.138709677,4.515333333,4.606451613,3.83516129,4.479,4.962258065,7.073,7.005483871
SG GOLOK RANTAU PANJANG,1992,6.371935484,4.941034483,4.627096774,4.237666667,4.598064516,5.063,4.839032258,4.353225806,4.358333333,4.971290323,6.562333333,7.209677419
SG GOLOK RANTAU PANJANG,1993,5.947741935,5.831071429,6.456774194,4.743,5.118709677,5.332666667,5.630645161,5.329354839,6.225666667,6.60516129,7.757666667,7.775483871
SG GOLOK RANTAU PANJANG,1994,5.235806452,4.597142857,5.102580645,4.738333333,5.665483871,6.282,5.193225806,5.142903226,5.287666667,6.005483871,8.985,6.439032258
SG GOLOK RANTAU PANJANG,1995,5.514516129,4.699285714,4.418709677,4.103666667,4.361290323,4.912,5.818387097,6.353548387,5.534,5.56483871,6.707,6.062903226
SG GOLOK RANTAU PANJANG,1996,5.473225806,4.846551724,4.029032258,4.845333333,4.318709677,4.206666667,4.365483871,4.400645161,5.676,5.441290323,5.649666667,7.41483871
SG GOLOK RANTAU PANJANG,1997,6.319032258,4.388928571,3.880645161,4.157333333,3.889032258,4.258333333,5.18,4.42483871,6.067333333,5.526451613,5.659333333,8.860967742
SG GOLOK RANTAU PANJANG,1998,6.380967742,4.536428571,4.064193548,3.676666667,3.497419355,4.204666667,4.706451613,5.313225806,5.951,5.369677419,5.740666667,6.838387097
SG GOLOK RANTAU PANJANG,1999,7.082258065,6.433571429,5.175806452,5.449333333,5.163548387,5.115333333,4.618387097,4.541935484,5.708666667,5.679032258,5.689,7.156129032
SG GOLOK RANTAU PANJANG,2000,6.235483871,5.168275862,5.570645161,5.499333333,5.270322581,4.742666667,4.338387097,4.568064516,5.081333333,5.282903226,6.803333333,6.217096774
SG GOLOK RANTAU PANJANG,2001,7.095806452,4.91,5.166129032,4.422333333,4.779354839,5.285333333,4.376129032,4.837419355,5.09,6.164193548,6.348,6.558709677
SG GOLOK RANTAU PANJANG,2002,5.412258065,4.043928571,3.829354839,3.594,3.879677419,5.079,4.192903226,4.698709677,4.378666667,4.321290323,5.748333333,6.143548387
SG GOLOK RANTAU PANJANG,2003,5.362580645,4.677857143,4.110322581,4.465666667,4.034516129,4.302666667,4.668709677,4.975483871,4.375666667,6.6,5.465,7.651935484
SG GOLOK RANTAU PANJANG,2004,5.051290323,4.785172414,4.010322581,3.992333333,4.566451613,4.382,4.138387097,4.226451613,5.024333333,5.769032258,6.570333333,6.59483871
SG GOLOK RANTAU PANJANG,2005,4.527096774,3.681785714,3.554516129,3.588,3.992903226,5.103,5.029032258,4.478387097,5.286666667,5.446129032,7.516666667,8.386774194
SG GOLOK RANTAU PANJANG,2006,5.956451613,4.189642857,4.205806452,4.251333333,4.298064516,4.343666667,4.39,4.436774194,4.482666667,4.529032258,4.575,4.620645161
SG GOLOK RANTAU PANJANG,2007,4.668064516,4.712142857,4.756774194,4.802666667,4.849032258,4.895,4.940645161,4.988064516,5.033666667,5.079677419,5.126,5.171935484
SG GOLOK RANTAU PANJANG,2008,5.124193548,4.105517241,5.663225806,4.261666667,4.903225806,4.206333333,5.486451613,5.378709677,4.574,4.631290323,5.575,7.16483871
SG GOLOK RANTAU PANJANG,2009,5.567419355,4.753571429,5.13516129,5.164,5.800322581,4.639333333,3.10516129,3.336129032,4.594333333,5.350322581,8.243,7.453870968
SG GOLOK RANTAU PANJANG,2010,5.534516129,4.786785714,4.55,4.304,4.059032258,3.814,3.630322581,4.232580645,4.404333333,4.663548387,7.665,7.18
SG GOLOK RANTAU PANJANG,2011,7.377741935,4.644285714,5.072258065,5.462333333,4.67516129,5.381333333,5.298709677,4.870967742,5.275,5.22,6.477,7.480967742
SG GOLOK RANTAU PANJANG,2012,7.626451613,5.148275862,5.124516129,5.349,4.968387097,4.096333333,4.38,4.770322581,4.608333333,4.95516129,4.469666667,6.080322581
SG GOLOK RANTAU PANJANG,2013,6.451290323,5.429285714,5.61516129,4.502666667,4.814193548,4.456666667,4.184516129,4.636451613,4.973,4.57,5.333,7.372903226
SG GOLOK RANTAU PANJANG,2014,6.330645161,4.021785714,3.62516129,3.475666667,3.52516129,4.133666667,4.068709677,4.947096774,4.609666667,6.041290323,6.675666667,7.619677419
SG GOLOK RANTAU PANJANG,2015,6.652258065,4.076428571,3.513225806,3.360666667,3.967741935,4.361333333,3.684516129,4.862580645,5.275333333,5.687419355,5.986666667,6.39483871
SG GOLOK RANTAU PANJANG,2016,5.128387097,5.473793103,4.324516129,3.952666667,3.921612903,5.098333333,5.274193548,5.033225806,5.260666667,4.880645161,5.692666667,6.787419355
SG GOLOK RANTAU PANJANG,2017,8.212580645,5.228928571,4.354193548,4.563,4.683548387,4.686333333,5.409354839,5.053225806,5.069,5.199032258,5.358666667,6.720645161
SG GOLOK RANTAU PANJANG,2018,6.889354839,4.086428571,3.624516129,3.448333333,4.218064516,4.328333333,4.709677419,4.824516129,4.930333333,5.00516129,5.961,6.644193548
SG GOLOK RANTAU PANJANG,2019,5.774516129,4.164642857,3.377419355,3.455666667,3.798387097,5.014,4.273548387,4.273548387,4.774,4.787741935,6.071333333,8.091612903
SG KELANTAN,1980,9.249354839,9.013448276,9.018387097,8.775666667,9.023870968,8.941666667,8.793548387,9.448064516,9.283333333,10.05129032,10.03933333,10.43096774
SG KELANTAN,1981,9.397741935,8.968571429,8.609677419,8.916333333,9.286129032,8.819,8.810645161,8.498387097,8.977333333,9.365483871,9.700666667,9.922258065
SG KELANTAN,1982,8.85,8.528571429,8.38516129,9.081666667,9.261612903,9.451333333,9.068387097,9.077741935,9.341,9.671935484,9.889,11.0983871
SG KELANTAN,1983,9.782903226,8.855357143,8.529032258,8.272,8.542580645,8.647666667,8.932580645,9.196451613,9.850666667,9.285483871,9.571,13.71483871
SG KELANTAN,1984,10.08387097,12.10413793,10.40258065,9.825666667,10.12870968,9.781333333,9.569354839,9.297419355,9.543666667,9.827741935,9.513666667,11.15935484
SG KELANTAN,1985,9.717419355,9.579642857,10.53903226,9.366333333,10.05193548,9.304,8.899032258,8.891290323,9.678666667,10.85903226,10.28833333,10.48645161
SG KELANTAN,1986,9.880322581,8.861785714,8.888064516,8.756,8.551290323,8.766,8.521935484,8.359677419,9.174333333,10.33548387,10.19633333,12.51064516
SG KELANTAN,1987,10.07354839,9.07,8.936129032,8.751333333,9.012580645,8.978333333,8.743225806,9.203870968,9.510666667,10.02096774,10.13433333,12.33258065
SG KELANTAN,1988,9.614193548,9.302413793,9.179032258,8.871666667,9.466129032,9.335333333,9.58516129,9.652258065,10.06066667,9.41483871,12.14133333,11.8516129
SG KELANTAN,1989,10.62193548,9.318214286,9.033870968,9.052333333,9.096129032,9.267666667,9.168387097,8.926451613,9.308333333,9.877096774,9.831333333,9.531935484
SG KELANTAN,1990,10.24741935,9.388214286,8.660322581,8.644666667,8.931935484,8.745333333,8.79516129,8.951290323,9.207333333,9.823870968,9.971666667,11.67064516
SG KELANTAN,1991,9.954516129,9.2325,8.849032258,9.186666667,9.492903226,9.048666667,8.65483871,8.806129032,8.958666667,9.233225806,10.31133333,11.32354839
SG KELANTAN,1992,10.57903226,9.19,8.903548387,8.614333333,8.508387097,8.952333333,8.948064516,8.638387097,8.648333333,9.181612903,11.21966667,11.43741935
SG KELANTAN,1993,9.932903226,9.132857143,9.3,9.123666667,9.180645161,9.473,9.224193548,9.078709677,9.603333333,10.74290323,11.48166667,12.97225806
SG KELANTAN,1994,10.25451613,9.666071429,9.637419355,9.251,9.84483871,9.740333333,9.259677419,9.536451613,10.082,10.17677419,13.58133333,11.20129032
SG KELANTAN,1995,10.49806452,9.522142857,9.049032258,8.882666667,8.987419355,9.493333333,9.149032258,9.728709677,9.56,9.675483871,9.55,10.51677419
SG KELANTAN,1996,9.902258065,9.927931034,8.849354839,8.952666667,9.287741935,9.335666667,9.486129032,9.212258065,9.827666667,10.3316129,9.951666667,11.92612903
SG KELANTAN,1997,9.725806452,9.096785714,8.767741935,8.947666667,8.841935484,8.793,8.914516129,8.702258065,9.086666667,9.090322581,9.831666667,10.7
SG KELANTAN,1998,9.481290323,9.098928571,8.618064516,8.366666667,8.384516129,8.733666667,9.186129032,9.184516129,9.381,9.511935484,9.949333333,10.64903226
SG KELANTAN,1999,12.12967742,10.50571429,9.806774194,10.00533333,9.890322581,9.580333333,9.325483871,9.499677419,9.729333333,9.799354839,9.716666667,10.96322581
SG KELANTAN,2000,12.41419355,10.00241379,9.903548387,10.05866667,9.810967742,9.478333333,9.023225806,9.387419355,9.294333333,9.342258065,10.51566667,9.99
SG KELANTAN,2001,10.72612903,9.518214286,9.39516129,9.053,9.150322581,9.058333333,8.712258065,9.137741935,9.184666667,9.875483871,10.631,11.63193548
SG KELANTAN,2002,10.09290323,9.096785714,8.786774194,8.652666667,8.816774194,9.022666667,8.705483871,9.053548387,9.181333333,9.67483871,9.510333333,9.843548387
SG KELANTAN,2003,9.703225806,9.123571429,8.804516129,9.033,8.791290323,8.766333333,9.151935484,9.186774194,9.129666667,9.94516129,9.457,12.03451613
SG KELANTAN,2004,9.751935484,9.532068966,9.061612903,8.628,8.699677419,8.544666667,8.539032258,8.611290323,9.045,10.11064516,10.10866667,11.34258065
SG KELANTAN,2005,9.187096774,8.530714286,8.750322581,8.556333333,8.691935484,8.534,8.629032258,8.663548387,8.724,9.283870968,10.81866667,12.18967742
SG KELANTAN,2006,10.97193548,10.55964286,9.011290323,8.836666667,9.330322581,9.440666667,8.796774194,8.608387097,9.355666667,9.006774194,9.334666667,10.05645161
SG KELANTAN,2007,10.89935484,8.9925,8.632258065,8.805,8.952580645,9.266333333,8.895806452,8.85516129,9.183666667,9.140645161,10.335,13.22096774
SG KELANTAN,2008,9.582580645,8.811724138,10.20645161,9.424333333,9.569677419,9.426,9.922580645,10.0216129,10.541,10.48483871,10.555,11.57129032
SG KELANTAN,2009,11.33870968,9.335357143,9.719677419,9.649333333,9.581612903,9.278,9.337419355,9.143548387,9.406333333,9.792903226,12.293,11.19645161
SG KELANTAN,2010,9.993870968,9.187857143,8.331290323,8.066666667,8.055483871,8.460333333,8.634193548,8.769354839,8.949,8.572258065,8.544666667,8.955483871
SG KELANTAN,2011,10.69774194,9.285357143,9.13516129,9.135333333,8.640967742,8.923666667,8.548387097,8.37,8.695,9.036774194,10.276,10.54193548
SG KELANTAN,2012,10.79258065,9.157931034,8.968709677,9.186,8.93,8.282666667,8.33,8.32516129,8.460333333,8.481935484,8.54,9.730967742
SG KELANTAN,2013,10.16419355,10.11642857,9.681935484,8.522333333,8.972258065,8.352666667,8.210322581,8.660645161,8.69,8.412903226,9.108333333,11.10935484
SG KELANTAN,2014,9.862258065,8.592142857,8.315806452,8.276333333,8.306774194,8.181333333,7.771935484,8.015806452,8.188666667,8.699354839,8.973,13.00032258
SG KELANTAN,2015,10.90387097,9.6,9.061612903,8.867,9.419677419,9.298333333,8.908064516,9.503225806,9.592,10.24419355,10.576,10.67645161
SG KELANTAN,2016,10.2716129,10.11448276,9.210645161,8.864666667,8.936451613,9.599333333,9.501935484,9.429677419,10.447,10.19806452,10.82533333,11.54774194
SG KELANTAN,2017,13.51354839,9.233214286,8.826129032,8.917333333,9.219032258,9.539333333,9.751935484,9.31516129,9.225,8.979032258,9.916,10.12548387
SG KELANTAN,2018,10.71322581,8.733928571,8.123548387,7.843333333,7.975806452,8.083,8.176774194,8.262580645,8.687333333,8.728064516,9.063333333,9.71
SG KELANTAN,2019,8.180967742,7.580357143,7.421290323,7.533,7.705806452,8.069333333,7.776774194,7.854193548,7.923333333,8.228709677,9.114666667,9.879032258
SG LANAS,1981,25.25384615,25.3625,25.07419355,25.11866667,25.30645161,25.13966667,25.12903226,25.10258065,25.636,25.22903226,25.64166667,25.96290323
SG LANAS,1982,25.28419355,25.09678571,25.0483871,25.19166667,25.15677419,25.445,25.32806452,25.27354839,25.27133333,25.4416129,25.59966667,25.94967742
SG LANAS,1983,25.56580645,25.13178571,25.01322581,24.916,25.04129032,25.48966667,25.69451613,25.68258065,25.67033333,25.65774194,25.646,25.63451613
SG LANAS,1984,25.62258065,25.61068966,25.59806452,25.58666667,25.57483871,25.56333333,25.5516129,25.53806452,25.358,25.34322581,25.282,26.35483871
SG LANAS,1985,25.40612903,25.3375,25.81096774,25.20466667,25.50580645,25.31633333,25.13322581,25.11903226,25.60966667,25.90322581,25.51266667,25.68580645
SG LANAS,1986,25.46064516,25.06714286,25.05967742,24.972,25.01806452,25.48233333,25.26645161,25.07677419,25.18966667,25.48129032,25.50966667,26.74677419
SG LANAS,1987,25.39677419,25.17714286,25.0516129,25.042,25.22483871,25.115,24.96225806,25.10096774,25.135,25.49,25.36233333,27.05870968
SG LANAS,1988,25.3383871,25.34,25.2216129,25.12466667,25.43096774,25.33333333,25.34516129,25.53903226,25.509,25.3716129,27.75633333,26.18967742
SG LANAS,1989,25.59290323,25.32035714,25.25193548,25.181,25.08903226,25.17766667,25.06903226,24.97516129,24.99233333,25.55935484,25.52633333,25.36419355
SG LANAS,1990,25.33193548,25.30035714,25.27,25.23766667,25.20580645,25.17366667,25.14225806,25.10935484,25.07733333,25.04516129,25.01366667,24.98193548
SG LANAS,1991,24.94870968,24.91821429,24.88709677,24.855,24.85483871,24.91033333,24.87258065,25.00096774,25.23366667,25.27129032,26.53433333,26.15645161
SG LANAS,1992,25.73774194,25.38896552,25.06580645,24.94166667,24.93903226,25.22966667,25.21870968,24.97903226,24.92166667,25.53354839,25.862,26.10322581
SG LANAS,1993,25.52806452,25.1525,25.39225806,25.25266667,25.0883871,25.19133333,25.50290323,25.23258065,25.53,25.75225806,26.264,26.44677419
SG LANAS,1994,25.39967742,25.4575,25.25096774,25.13966667,25.29,25.59866667,25.29129032,25.14967742,25.304,25.42612903,27.219,25.76483871
SG LANAS,1995,25.52225806,25.105,25.03516129,24.85366667,24.92709677,25.477,25.33387097,25.28548387,25.32666667,25.32,25.311,25.30548387
SG LANAS,1996,25.20516129,25.14310345,24.83225806,24.80566667,24.85677419,24.93066667,25.07806452,24.9483871,25.184,25.48548387,25.289,26.56483871
SG LANAS,1997,25.01096774,24.90035714,24.75064516,24.848,24.69741935,24.99066667,25.12709677,24.9716129,25.20033333,25.10322581,25.549,26.02290323
SG LANAS,1998,25.33129032,24.9525,24.84129032,24.53666667,24.38548387,24.87966667,25.09290323,26.38903226,28.24633333,27.64806452,25.31266667,26.36032258
SG LANAS,1999,26.09032258,25.35392857,25.17548387,25.042,25.12419355,25.16566667,25.10645161,25.29612903,25.39433333,25.83,26.26566667,26.25483871
SG LANAS,2000,25.99258065,25.82896552,25.66645161,25.5,25.29870968,25.19466667,25.01258065,25.16870968,25.252,25.38096774,26.29133333,25.63870968
SG LANAS,2001,25.96225806,25.14714286,25.25709677,25.06033333,25.13677419,25.213,24.94774194,24.94193548,25.34533333,25.73774194,25.554,26.07354839
SG LANAS,2002,25.34096774,24.99785714,24.95516129,24.832,24.88387097,25.22333333,24.87129032,25.0416129,25.06666667,25.64806452,25.33466667,25.92064516
SG LANAS,2003,26.16677419,25.32321429,25.06967742,25.312,24.95064516,25.03166667,25.08709677,25.21419355,24.93633333,25.8083871,25.40566667,26.28806452
SG LANAS,2004,25.92967742,25.82034483,25.65741935,25.49166667,25.35677419,25.40566667,25.40451613,25.18322581,25.46033333,25.69870968,25.70066667,25.53096774
SG LANAS,2005,25.35903226,25.195,25.03096774,24.85666667,25.11258065,25.232,25.05096774,24.66258065,25.098,25.42,25.79533333,26.18677419
SG LANAS,2006,26.31870968,25.74928571,25.45064516,24.684,25.16516129,25.147,24.89935484,25.31032258,25.587,25.5716129,25.086,25.43064516
SG LANAS,2007,25.92387097,25.29607143,24.94548387,24.96933333,25.57419355,25.26133333,24.97612903,25.23064516,25.23133333,25.11935484,25.438,25.25612903
SG LANAS,2008,25.25,25.25,25.24032258,25.18866667,25.20870968,25.299,25.47774194,24.99354839,25.21133333,25.45258065,25.83733333,26.11258065
SG LANAS,2009,26.06741935,25.14178571,25.23774194,25.31766667,25.41806452,25.15566667,25.41870968,25.18354839,25.11566667,25.64612903,26.48333333,26.18225806
SG LANAS,2010,25.53903226,25.20571429,25.01354839,24.959,24.99322581,25.32333333,25.43225806,25.48967742,25.51533333,25.58935484,26.31066667,26.1416129
SG LANAS,2011,25.90677419,25.44892857,25.53,25.463,25.4,25.352,25.26032258,25.31709677,25.35466667,25.3383871,26.07333333,26.10096774
SG LANAS,2012,26.15709677,25.50517241,25.42225806,25.43666667,25.25483871,25.10866667,25.17967742,25.22225806,25.11,25.26935484,25.20333333,25.7283871
SG LANAS,2013,25.80677419,25.78071429,25.38677419,25.15366667,25.17548387,25.16966667,25.0416129,25.21774194,25.26366667,25.22225806,25.37766667,26.15870968
SG LANAS,2014,25.75322581,24.99928571,24.88870968,24.80733333,24.90806452,24.97833333,24.94451613,25.35806452,25.12366667,25.56774194,25.65366667,26.69870968
SG LANAS,2015,25.64580645,24.88928571,24.6916129,24.82033333,25.03741935,25.016,24.83451613,25.17354839,25.371,25.48903226,25.55366667,25.59516129
SG LANAS,2016,25.17290323,25.22103448,24.87451613,24.72866667,24.70419355,25.024,25.10516129,24.9916129,24.90833333,24.86677419,25.13,25.82741935
SG LANAS,2017,26.91354839,25.33,25.16935484,25.326,25.23096774,25.18666667,25.25612903,25.26935484,25.51833333,25.38322581,25.26233333,25.62064516
SG LANAS,2018,25.66451613,25.08107143,25.09322581,25.09966667,25.13741935,25.11633333,25.14096774,25.13129032,25.31433333,25.13129032,25.39866667,25.88451613
SG LANAS,2019,25.37258065,25.08607143,25.07580645,25.09533333,25.10709677,25.19666667,25.17193548,25.3116129,25.389,25.35709677,25.54166667,26.38322581
SG LEBIR,1980,22.69774194,22.62344828,22.46032258,22.39,22.62419355,22.465,22.35193548,23.06903226,23.289,24.05290323,24.26633333,24.18064516
SG LEBIR,1981,22.98193548,22.61285714,22.2816129,22.556,22.91548387,22.45833333,22.51774194,22.16967742,22.477,23.07387097,23.304,23.39032258
SG LEBIR,1982,22.33064516,22.10285714,22.33419355,23.32966667,22.67548387,22.50266667,22.59129032,22.98064516,23.19633333,23.46290323,23.63933333,25.09612903
SG LEBIR,1983,23.66258065,22.61071429,22.33548387,22.11966667,22.46064516,22.73366667,22.85741935,22.92387097,23.31766667,23.42935484,23.04033333,28.40322581
SG LEBIR,1984,23.78322581,25.10103448,23.81290323,23.40033333,23.19032258,23.18633333,23.14290323,23.05064516,23.082,23.10032258,23.199,23.58774194
SG LEBIR,1985,24.01129032,24.03071429,24.04967742,24.06966667,24.08935484,24.10933333,24.12903226,24.14935484,24.169,24.18870968,24.20866667,24.22870968
SG LEBIR,1986,24.24870968,24.2675,24.28709677,24.30666667,24.32677419,24.34633333,24.36645161,24.38645161,24.40633333,24.42612903,24.44566667,24.46580645
SG LEBIR,1987,24.48612903,24.505,24.52419355,24.54433333,24.56387097,24.58366667,24.60354839,24.62387097,24.64366667,24.63,23.76766667,23.87709677
SG LEBIR,1988,23.7916129,23.70896552,23.62612903,23.542,23.4583871,23.374,23.29,23.20451613,23.12033333,23.03677419,22.95233333,22.8683871
SG LEBIR,1989,22.78258065,22.70178571,22.62032258,22.55633333,22.96032258,22.952,22.83451613,22.80548387,23.093,23.66,23.617,23.42419355
SG LEBIR,1990,24.22677419,23.00428571,22.35419355,22.456,22.84645161,22.68233333,22.77612903,22.99354839,22.89466667,23.27290323,24.05433333,25.7583871
SG LEBIR,1991,23.90096774,23.15,22.73193548,22.63566667,22.74709677,23.04366667,22.29645161,22.50645161,22.80966667,23.15935484,23.35233333,25.38870968
SG LEBIR,1992,23.40225806,22.77724138,22.51612903,22.21633333,22.33774194,22.40533333,22.24032258,22.43258065,22.69533333,23.14258065,25.285,24.85580645
SG LEBIR,1993,23.39258065,22.745,22.77129032,22.771,22.96516129,23.02766667,23.06709677,22.68,22.84466667,22.77290323,22.83866667,22.90387097
SG LEBIR,1994,22.97032258,23.03428571,23.09774194,23.16266667,23.22806452,23.34066667,22.95516129,22.94870968,23.84,23.63516129,27.08266667,24.45741935
SG LEBIR,1995,23.89419355,23.21857143,22.56935484,22.47733333,22.3983871,23.00266667,22.65193548,22.78419355,23.43333333,24.02580645,24.56733333,25.22774194
SG LEBIR,1996,23.89806452,23.65413793,22.50129032,22.593,22.74129032,22.93933333,22.89677419,22.80225806,24.443,23.80387097,23.514,25.61419355
SG LEBIR,1997,22.83903226,22.56142857,22.52548387,22.96933333,22.48903226,22.42866667,22.65354839,22.65580645,22.88466667,22.8216129,23.302,24.86193548
SG LEBIR,1998,23.78096774,23.14214286,23.15774194,22.205,21.95870968,22.48566667,22.67806452,22.84290323,22.63133333,23.11774194,23.819,26.63935484
SG LEBIR,1999,25.87322581,23.51035714,23.19064516,23.353,23.30129032,23.163,22.77935484,23.25290323,23.36766667,23.21580645,23.04233333,24.81548387
SG LEBIR,2000,23.3216129,22.5737931,22.53,22.53,22.53225806,22.509,22.40741935,22.80903226,22.49733333,22.86129032,24.20633333,22.85354839
SG LEBIR,2001,24.00483871,22.46821429,23.12870968,22.91266667,22.85548387,22.97,22.60387097,22.75387097,23.20633333,24.12225806,25.06733333,26.26709677
SG LEBIR,2002,23.88225806,22.69392857,22.82870968,22.689,22.87935484,22.834,22.80612903,23.34677419,23.77433333,23.86258065,23.79,23.99935484
SG LEBIR,2003,23.96290323,23.66964286,23.14354839,23.362,23.10709677,23.60733333,23.88354839,23.86451613,24.24166667,24.8483871,24.468,25.64419355
SG LEBIR,2004,24.02870968,23.43586207,23.29741935,22.87866667,22.92870968,23.16066667,24.75483871,23.10612903,23.06,24.52419355,24.268,26.01451613
SG LEBIR,2005,23.47258065,22.92071429,22.57516129,22.45533333,23.19354839,23.248,23.35064516,23.53741935,23.58933333,23.98806452,25.84866667,26.24774194
SG LEBIR,2006,25.71935484,24.46928571,23.79451613,23.69466667,24.38354839,24.15466667,23.20451613,23.32032258,23.53833333,23.54806452,23.83366667,24.7183871
SG LEBIR,2007,25.10935484,23.32785714,22.8916129,23.072,23.19129032,23.28633333,22.96354839,23.73774194,23.56333333,23.97806452,24.93766667,27.96387097
SG LEBIR,2008,23.76709677,23.56586207,23.85903226,23.34666667,23.6783871,23.453,23.58419355,23.46290323,23.20366667,23.75064516,24.39233333,24.80193548
SG LEBIR,2009,24.87870968,22.86321429,23.27903226,23.48133333,23.75,23.55433333,23.37225806,23.10806452,23.51733333,24.37354839,23.968,24.04354839
SG LEBIR,2010,23.79516129,23.02857143,22.69967742,22.74633333,22.65935484,22.976,23.26774194,23.33709677,23.86966667,23.85129032,24.38066667,24.55580645
SG LEBIR,2011,25.41290323,23.68892857,24.12516129,23.85666667,23.63612903,23.814,23.51774194,23.49,23.85233333,24.49580645,25.377,25.17225806
SG LEBIR,2012,25.63935484,23.6637931,23.49032258,23.89933333,23.92258065,23.26433333,23.22612903,23.21354839,23.685,23.64451613,23.671,25.0883871
SG LEBIR,2013,24.78548387,24.91428571,23.81774194,23.48966667,23.46193548,23.18,23.36096774,23.79419355,23.75766667,24.15870968,23.95533333,26.55225806
SG LEBIR,2014,24.32225806,23.40857143,23.42903226,23.113,23.18387097,23.207,23.06806452,23.04612903,23.23466667,23.92677419,23.94566667,30.68677419
SG LEBIR,2015,39.01322581,35.26464286,31.51645161,27.64133333,24.22709677,23.24166667,23.13322581,23.66548387,23.60233333,23.44677419,23.486,23.9883871
SG LEBIR,2016,23.94806452,23.94068966,23.18064516,22.96566667,23.1,23.703,23.56677419,23.40354839,23.549,23.48903226,24.03366667,24.77774194
SG LEBIR,2017,27.17225806,24.24142857,23.68387097,23.68933333,23.47451613,23.49533333,23.45741935,23.69451613,24.03233333,24.0183871,24.91166667,25.68225806
SG LEBIR,2018,26.49870968,24.84821429,24.27516129,23.96533333,23.99612903,24.18566667,24.26903226,25.21387097,23.969,25.40870968,25.29933333,24.83258065
SG LEBIR,2019,22.53419355,22.39464286,22.50225806,22.628,22.80806452,23.053,22.81580645,22.81387097,23.05733333,23.5116129,24.41966667,25.09387097
SG SOKOR,1995,15.36322581,14.8125,14.73225806,14.45766667,14.52516129,15.08333333,14.88903226,14.90064516,14.88233333,15.10032258,15.312,17.10258065
SG SOKOR,1996,15.81225806,14.81241379,14.53451613,14.44133333,14.47741935,14.592,14.70774194,14.70548387,14.94433333,15.09419355,15.04966667,16.09806452
SG SOKOR,1997,14.84645161,14.63607143,14.44419355,14.507,14.37612903,14.47033333,14.73451613,14.49064516,14.619,14.74741935,14.87566667,16.35516129
SG SOKOR,1998,15.21935484,14.70928571,14.50483871,14.36966667,14.38709677,14.577,14.74645161,14.57709677,14.84433333,14.91483871,14.969,16.33709677
SG SOKOR,1999,16.61064516,15.20678571,14.92387097,15.06766667,14.91322581,14.99633333,14.81,14.85709677,14.92366667,14.8616129,15.07133333,15.82677419
SG SOKOR,2000,15.78709677,14.96896552,15.08516129,15.016,14.93612903,14.88833333,14.66354839,14.76935484,14.79266667,15.02064516,15.64433333,15.3383871
SG SOKOR,2001,15.82580645,15.01107143,14.89741935,14.754,15.36225806,14.87666667,14.63322581,14.60064516,14.892,15.22322581,15.43166667,16.69806452
SG SOKOR,2002,15.17903226,14.80357143,14.68741935,14.42333333,14.47193548,14.73633333,14.55774194,14.68870968,14.613,15.60451613,14.86933333,14.76
SG SOKOR,2003,15.5016129,14.73607143,14.70935484,15.072,15.01129032,14.98,15.00483871,15.29225806,15.163,15.71225806,15.71033333,18.17870968
SG SOKOR,2004,16.00387097,15.64551724,15.32,15.12566667,15.16225806,15.04666667,15.09870968,15.17419355,15.27233333,15.67129032,15.909,15.68064516
SG SOKOR,2005,15.45064516,15.21392857,15.08225806,14.83533333,15.05032258,15.439,15.23483871,15.35322581,15.41133333,15.57774194,17.07466667,16.9716129
SG SOKOR,2006,16.03387097,16.77107143,15.60870968,15.28666667,15.55032258,15.57966667,15.41580645,15.92870968,15.972,16.01483871,16.058,16.10129032
SG SOKOR,2007,16.14580645,16.18678571,16.22870968,16.272,16.31580645,16.35866667,16.40129032,16.44580645,16.48933333,16.53193548,16.575,16.61870968
SG SOKOR,2008,16.66258065,16.03344828,15.25387097,15.306,15.28387097,15.28633333,15.34064516,15.48419355,15.46266667,15.42967742,15.649,15.88967742
SG SOKOR,2009,16.74677419,15.76178571,15.51290323,15.25566667,15.24612903,15.306,15.36225806,15.37516129,15.28833333,15.34774194,16.564,15.87967742
SG SOKOR,2010,15.58032258,15.25178571,15.18709677,15.15,14.97193548,14.98566667,14.98483871,15.03096774,15.07633333,15.16580645,16.044,16.02709677
SG SOKOR,2011,16.78903226,15.47678571,15.59516129,15.33666667,15.30451613,15.68,16.90967742,15.50451613,15.97433333,15.67290323,16.437,18.20451613
SG SOKOR,2012,16.67709677,15.32724138,15.15806452,15.243,15.22258065,14.96033333,14.98903226,15.03419355,14.746,14.77806452,14.702,15.63
SG SOKOR,2013,15.70806452,16.12571429,15.5583871,15.16666667,15.20258065,15.19133333,15.01935484,15.39516129,15.38733333,15.40935484,15.52266667,17.18612903
SG SOKOR,2014,16.49870968,15.55571429,15.37709677,15.29866667,15.25612903,15.279,15.3083871,15.60548387,15.458,15.6983871,15.83133333,15.71483871
SG SOKOR,2015,15.66516129,15.61821429,15.57032258,15.52133333,15.47225806,15.42366667,15.37451613,15.32483871,15.27566667,15.22677419,15.29933333,15.82419355
SG SOKOR,2016,15.40451613,15.18758621,14.96032258,14.67266667,14.69645161,15.011,14.97258065,14.96483871,14.937,15.00225806,15.45166667,15.95903226
SG SOKOR,2017,18.03677419,15.60928571,15.20870968,15.18533333,15.20290323,15.26233333,15.27129032,15.32483871,15.397,15.54258065,16.34433333,16.3483871
SG SOKOR,2018,16.49645161,15.42321429,15.19806452,15.165,15.14032258,15.12033333,15.1583871,15.13516129,15.506,15.35,15.31833333,16.27354839
SG SOKOR,2019,15.63806452,15.34107143,15.15032258,15.10633333,15.13354839,15.256,15.16580645,15.13516129,15.506,15.37096774,15.88533333,17.23096774
